sample	POS	REF	VAR
SRR2920587	73	A	G
SRR2920587	152	T	C
SRR2920587	182	CAGGCGAA	TAGTCGAG
SRR2920587	195	T	C
SRR2920587	247	G	A
SRR2920587	263	A	G
SRR2920587	357	A	G
SRR2920587	513	GCACACACACAC	GCACACACAC
SRR2920587	709	GT	AC
SRR2920587	750	A	G
SRR2920587	769	G	A
SRR2920587	825	T	A
SRR2920587	1018	G	A
SRR2920587	1738	T	C
SRR2920587	2352	T	C
SRR2920587	2706	A	G
SRR2920587	2758	G	A
SRR2920587	2768	A	G
SRR2920587	2885	T	C
SRR2920587	3105	ACN	AC
SRR2920587	3308	T	C
SRR2920587	3594	C	T
SRR2920587	3666	G	A
SRR2920587	3693	G	A
SRR2920587	4104	A	G
SRR2920587	4769	A	G
SRR2920587	5036	A	G
SRR2920587	5046	G	A
SRR2920587	5393	T	C
SRR2920587	5655	T	C
SRR2920587	6548	C	T
SRR2920587	6827	T	C
SRR2920587	6989	A	G
SRR2920587	7028	C	T
SRR2920587	7055	A	G
SRR2920587	7256	C	T
SRR2920587	7389	T	C
SRR2920587	7867	C	T
SRR2920587	8248	A	G
SRR2920587	8468	C	T
SRR2920587	8655	C	T
SRR2920587	8701	A	G
SRR2920587	8860	A	G
SRR2920587	9540	T	C
SRR2920587	10398	ACC	GCC
SRR2920587	10688	G	A
SRR2920587	10810	T	C
SRR2920587	10873	T	C
SRR2920587	11719	G	A
SRR2920587	12082	A	G
SRR2920587	12342	C	T
SRR2920587	12519	T	C
SRR2920587	12705	C	T
SRR2920587	13105	A	G
SRR2920587	13506	C	T
SRR2920587	13650	C	T
SRR2920587	13789	T	C
SRR2920587	13880	C	A
SRR2920587	14178	T	C
SRR2920587	14203	A	G
SRR2920587	14560	G	A
SRR2920587	14766	CTAA	TTAG
SRR2920587	15077	G	A
SRR2920587	15103	C	T
SRR2920587	15115	T	C
SRR2920587	15326	A	G
SRR2920587	16126	T	C
SRR2920587	16187	CCT	TCC
SRR2920587	16223	C	T
SRR2920587	16264	C	T
SRR2920587	16270	C	T
SRR2920587	16278	C	T
SRR2920587	16292	CA	CG
SRR2920587	16311	T	C
SRR2920587	16519	T	C
